model,DIC,after10_inf,l_quantile_inf.1%,mean_inf,mean_si,median_si,presymp_inf,sd_inf,sd_si,u_quantile_inf.99%
scenario3a_mixture,3819.9906534415004,99.99 (99.8 - 100),-10.87 (-10.97 - -10.64),-6.73 (-7.31 - -6.19),-0.56 (-1.82 - 10.14),-2.19 (-2.73 - 10.24),95.36 (91.63 - 98.73),3.3 (2.49 - 4.02),7.78 (4.99 - 17.38),3.76 (0.35 - 6.39)
scenario4a_mixture,3669.6577114600177,90.31 (78.45 - 96.52),-6.19 (-6.91 - -5.52),3.67 (2.46 - 5.41),5.53 (2.11 - 9.65),4.8 (1.38 - 9.32),23.35 (16.93 - 29.18),4.68 (4 - 5.48),6.17 (4.22 - 17.12),14.26 (11.9 - 16.93)
scenario4a_mixture_recall,3684.7260495915916,91.25 (78.09 - 96.51),-6.24 (-6.91 - -5.49),3.57 (2.48 - 5.49),5.55 (2.11 - 9.72),4.79 (1.39 - 9.39),23.24 (16.62 - 29.35),4.58 (4 - 5.49),6.2 (4.22 - 17.13),14.06 (11.95 - 16.97)
