model,DIC,after10_inf,l_quantile_inf.1%,mean_inf,mean_si,median_si,presymp_inf,sd_inf,sd_si,u_quantile_inf.99%
scenario3a,3930.835900545183,98.24 (96.96 - 99.29),-7.8 (-9.3 - -6.8),0.1 (-0.3 - 0.54),5.28 (5.05 - 5.38),4.47 (4.22 - 4.59),55.51 (49.37 - 60.44),3.58 (3.11 - 4.17),5.41 (5.2 - 5.53),11.5 (9.1 - 14.1)
scenario3a_mixture,3965.339483723432,98.2 (97.22 - 99.38),-7.1 (-8.7 - -5.8),0.16 (-0.3 - 0.53),5.34 (5.06 - 9.67),4.36 (4.2 - 9.34),55.53 (50.01 - 61.44),3.56 (2.88 - 3.99),6.1 (5.08 - 17.12),12 (8.8 - 13.6)
scenario3a_mixture_recall,3864.949164737628,77.81 (69.85 - 86.56),-6.7 (-8.1 - -5.8),5.41 (3.47 - 7.19),10.57 (10.02 - 10.58),8.69 (8.17 - 8.81),26.9 (20.15 - 32.91),8.12 (6.29 - 9.31),9.33 (8.56 - 9.11),32.6 (25.2 - 35.7)
scenario3a_recall,3940.960680452381,98.87 (97.38 - 99.73),-8 (-9.7 - -7),-0.07 (-0.89 - 0.37),4.94 (4.6 - 5.19),4.14 (3.84 - 4.45),57.02 (50.97 - 66.94),3.44 (2.89 - 4.02),5.12 (4.97 - 5.33),10.3 (7.3 - 13.3)
scenario4a_mixture,3849.837667556284,78.59 (70.02 - 86.82),-7.1 (-8.1 - -5.8),5.13 (3.43 - 7.13),5.04 (2.07 - 8.4),4.3 (1.41 - 7.59),26.55 (20.25 - 33.06),7.74 (6.26 - 9.28),5.68 (4.37 - 6.54),30.7 (25 - 35.7)
scenario4a_mixture_recall,3864.949164737628,78.47 (69.86 - 86.67),-7.1 (-8.1 - -5.8),5.25 (3.49 - 7.19),5.09 (2.06 - 8.4),4.32 (1.43 - 7.6),26.73 (20.18 - 32.9),7.99 (6.25 - 9.28),5.81 (4.37 - 6.51),32.1 (25.1 - 35.7)
